what,kind,bundleId,bundleVersion,description,time
stopped,bundle,org.eclipse.wst.xml.xpath.ui,1.1.2.v201101212242,"org.eclipse.wst.xml.xpath.ui",1449328406447
stopped,bundle,org.eclipse.wst.xsd.ui,1.2.304.v201101251958,"org.eclipse.wst.xsd.ui",1449328406447
stopped,bundle,org.eclipse.wst.xsl.debug.ui,1.0.101.v201102111830,"org.eclipse.wst.xsl.debug.ui",1449328406447
stopped,bundle,org.eclipse.wst.xml.ui,1.1.103.v201101122108,"org.eclipse.wst.xml.ui",1449328406447
stopped,bundle,org.eclipse.wst.common.ui,1.1.500.v200911190730,"org.eclipse.wst.common.ui",1449328406448
stopped,bundle,org.eclipse.wst.jsdt.debug.ui,1.0.3.v201011040143,"org.eclipse.wst.jsdt.debug.ui",1449328406453
stopped,bundle,org.eclipse.wst.jsdt.support.firefox,1.0.300.v201004150600,"org.eclipse.wst.jsdt.support.firefox",1449328406453
stopped,bundle,org.eclipse.wst.jsdt.ui,1.1.4.v201102160540,"org.eclipse.wst.jsdt.ui",1449328406490
stopped,bundle,org.eclipse.wst.sse.ui,1.2.3.v201102102045,"org.eclipse.wst.sse.ui",1449328406533
stopped,bundle,org.eclipse.search,3.6.0.v20100520-0800,"org.eclipse.search",1449328406536
stopped,bundle,org.eclipse.datatools.enablement.sybase.asa.ui,1.0.1.v200906111150,"org.eclipse.datatools.enablement.sybase.asa.ui",1449328406536
stopped,bundle,org.eclipse.datatools.enablement.sybase.ase.ui,1.0.1.v200906020900,"org.eclipse.datatools.enablement.sybase.ase.ui",1449328406536
stopped,bundle,org.eclipse.datatools.sqltools.ddlgen.ui,1.0.1.v201002270530,"org.eclipse.datatools.sqltools.ddlgen.ui",1449328406536
stopped,bundle,org.eclipse.datatools.connectivity.ui.dse,1.1.4.v201004270430,"org.eclipse.datatools.connectivity.ui.dse",1449328406536
stopped,bundle,org.eclipse.mylyn.team.ui,3.4.3.v20110131-0100-e3x,"org.eclipse.mylyn.team.ui",1449328406537
stopped,bundle,org.eclipse.ui.navigator.resources,3.4.202.M20101124-0800,"org.eclipse.ui.navigator.resources",1449328406537
stopped,bundle,org.eclipse.ltk.ui.refactoring,3.5.0.v20100526-0800,"org.eclipse.ltk.ui.refactoring",1449328406537
stopped,bundle,org.eclipse.mylyn.bugzilla.ui,3.4.3.v20110131-0100-e3x,"org.eclipse.mylyn.bugzilla.ui",1449328406537
stopped,bundle,org.eclipse.mylyn.ide.ui,3.4.0.v20100608-0100-e3x,"org.eclipse.mylyn.ide.ui",1449328406537
stopped,bundle,org.eclipse.mylyn.resources.ui,3.4.1.v20100909-0100-e3x,"org.eclipse.mylyn.resources.ui",1449328406537
stopped,bundle,org.eclipse.mylyn.wikitext.tasks.ui,1.3.1.v20100823-0100-e3x,"org.eclipse.mylyn.wikitext.tasks.ui",1449328406537
stopped,bundle,org.eclipse.mylyn.context.ui,3.4.2.v20110131-0100-e3x,"org.eclipse.mylyn.context.ui",1449328406537
stopped,bundle,org.eclipse.mylyn.help.ui,3.4.2.v20110131-0100-e3x,"org.eclipse.mylyn.help.ui",1449328406537
stopped,bundle,org.eclipse.mylyn.tasks.bugs,3.4.1.v20100823-0100-e3x,"org.eclipse.mylyn.tasks.bugs",1449328406537
stopped,bundle,org.eclipse.mylyn.tasks.ui,3.4.3.v20110131-0100-e3x,"org.eclipse.mylyn.tasks.ui",1449328406537
stopped,bundle,org.eclipse.team.cvs.ui,3.3.302.R36x_v20110203-1036,"org.eclipse.team.cvs.ui",1449328406539
stopped,bundle,org.eclipse.team.ui,3.5.102.R36x_v20110203-1036,"org.eclipse.team.ui",1449328406539
stopped,bundle,org.eclipse.compare,3.5.101.R36x_v20100929-0800,"org.eclipse.compare",1449328406539
stopped,bundle,org.eclipse.datatools.enablement.ingres.ui,1.0.0.v201006242214,"org.eclipse.datatools.enablement.ingres.ui",1449328406539
stopped,bundle,org.eclipse.datatools.sqltools.db.derby.ui,1.0.0.v200906020900,"org.eclipse.datatools.sqltools.db.derby.ui",1449328406539
stopped,bundle,org.eclipse.datatools.sqltools.db.generic.ui,1.0.0.v200906020900,"org.eclipse.datatools.sqltools.db.generic.ui",1449328406539
stopped,bundle,org.eclipse.datatools.sqltools.routineeditor.ui,1.0.1.v201004060545,"org.eclipse.datatools.sqltools.routineeditor.ui",1449328406539
stopped,bundle,org.eclipse.datatools.sqltools.sqlbuilder,1.0.3.v201009131745,"org.eclipse.datatools.sqltools.sqlbuilder",1449328406539
stopped,bundle,org.eclipse.datatools.sqltools.debugger.core,1.0.1.v201005250945,"org.eclipse.datatools.sqltools.debugger.core",1449328406539
stopped,bundle,org.eclipse.datatools.sqltools.schemaobjecteditor.ui.pages,1.1.0.200810071,"org.eclipse.datatools.sqltools.schemaobjecteditor.ui.pages",1449328406539
stopped,bundle,org.eclipse.datatools.sqltools.schemaobjecteditor.ui,1.1.1.200810071,"org.eclipse.datatools.sqltools.schemaobjecteditor.ui",1449328406539
stopped,bundle,org.eclipse.datatools.sqltools.sqlscrapbook,1.0.1.v201005250945,"org.eclipse.datatools.sqltools.sqlscrapbook",1449328406539
stopped,bundle,org.eclipse.datatools.sqltools.sqleditor,1.0.2.v201009230800,"org.eclipse.datatools.sqltools.sqleditor",1449328406540
stopped,bundle,org.eclipse.datatools.sqltools.editor.core.ui,1.0.0.v201001150815,"org.eclipse.datatools.sqltools.editor.core.ui",1449328406540
stopped,bundle,org.eclipse.datatools.sqltools.plan,1.0.0.v200906022302,"org.eclipse.datatools.sqltools.plan",1449328406540
stopped,bundle,org.eclipse.datatools.sqltools.data.ui,1.2.0.v201005250945,"org.eclipse.datatools.sqltools.data.ui",1449328406540
stopped,bundle,org.eclipse.datatools.sqltools.tabledataeditor,1.0.1.v201005250945,"org.eclipse.datatools.sqltools.tabledataeditor",1449328406540
stopped,bundle,org.eclipse.datatools.sqltools.result.ui,1.1.1.v201101140400,"org.eclipse.datatools.sqltools.result.ui",1449328406540
stopped,bundle,org.eclipse.datatools.sqltools.common.ui,1.0.0.v200906022302,"org.eclipse.datatools.sqltools.common.ui",1449328406540
stopped,bundle,org.eclipse.ui.externaltools,3.2.0.v20100427,"org.eclipse.ui.externaltools",1449328406541
stopped,bundle,org.eclipse.wst.server.preview.adapter,1.1.0.v20090311b,"org.eclipse.wst.server.preview.adapter",1449328406542
stopped,bundle,org.eclipse.wst.server.http.ui,1.0.200.v20090113,"org.eclipse.wst.server.http.ui",1449328406542
stopped,bundle,org.eclipse.wst.server.ui,1.1.207.v20110119,"org.eclipse.wst.server.ui",1449328406543
stopped,bundle,org.eclipse.debug.ui,3.6.3.v20101201_r362,"org.eclipse.debug.ui",1449328406546
stopped,bundle,org.eclipse.mylyn.wikitext.ui,1.3.0.v20100608-0100-e3x,"org.eclipse.mylyn.wikitext.ui",1449328406546
stopped,bundle,org.eclipse.rse.subsystems.files.dstore,2.1.102.R32x_v201102011435,"org.eclipse.rse.subsystems.files.dstore",1449328406546
stopped,bundle,org.eclipse.rse.subsystems.processes.dstore,2.1.100.v200905272300,"org.eclipse.rse.subsystems.processes.dstore",1449328406546
stopped,bundle,org.eclipse.rse.subsystems.shells.dstore,2.1.201.v201008191400,"org.eclipse.rse.subsystems.shells.dstore",1449328406546
stopped,bundle,org.eclipse.rse.connectorservice.dstore,3.1.100.v201005281600,"org.eclipse.rse.connectorservice.dstore",1449328406546
stopped,bundle,org.eclipse.rse.subsystems.files.local,2.1.101.v200907301400,"org.eclipse.rse.subsystems.files.local",1449328406546
stopped,bundle,org.eclipse.rse.subsystems.processes.local,2.1.100.v200905272300,"org.eclipse.rse.subsystems.processes.local",1449328406546
stopped,bundle,org.eclipse.rse.subsystems.shells.local,2.1.100.v200905272300,"org.eclipse.rse.subsystems.shells.local",1449328406546
stopped,bundle,org.eclipse.rse.connectorservice.local,2.1.100.v200905272300,"org.eclipse.rse.connectorservice.local",1449328406546
stopped,bundle,org.eclipse.rse.subsystems.files.ssh,2.1.100.v200905272300,"org.eclipse.rse.subsystems.files.ssh",1449328406546
stopped,bundle,org.eclipse.rse.subsystems.shells.ssh,2.1.100.v200905272300,"org.eclipse.rse.subsystems.shells.ssh",1449328406546
stopped,bundle,org.eclipse.rse.subsystems.terminals.ssh,1.0.1.v200908051630,"org.eclipse.rse.subsystems.terminals.ssh",1449328406546
stopped,bundle,org.eclipse.rse.connectorservice.ssh,2.1.100.v200905272300,"org.eclipse.rse.connectorservice.ssh",1449328406546
stopped,bundle,org.eclipse.rse.connectorservice.telnet,1.2.1.v200908051630,"org.eclipse.rse.connectorservice.telnet",1449328406546
stopped,bundle,org.eclipse.rse.dstore.security,3.0.200.v201003010830,"org.eclipse.rse.dstore.security",1449328406546
stopped,bundle,org.eclipse.rse.efs,2.1.200.v201005262000,"org.eclipse.rse.efs",1449328406546
stopped,bundle,org.eclipse.rse.subsystems.files.ftp,2.1.100.v200905272300,"org.eclipse.rse.subsystems.files.ftp",1449328406546
stopped,bundle,org.eclipse.rse.subsystems.shells.core,3.1.100.v201003010830,"org.eclipse.rse.subsystems.shells.core",1449328406546
stopped,bundle,org.eclipse.rse.subsystems.files.core,3.2.1.v201008191400,"org.eclipse.rse.subsystems.files.core",1449328406546
stopped,bundle,org.eclipse.rse.subsystems.processes.shell.linux,1.1.100.v200905272300,"org.eclipse.rse.subsystems.processes.shell.linux",1449328406546
stopped,bundle,org.eclipse.rse.subsystems.processes.core,3.1.100.v201003010830,"org.eclipse.rse.subsystems.processes.core",1449328406546
stopped,bundle,org.eclipse.rse.terminals.ui,1.0.100.v201006041352,"org.eclipse.rse.terminals.ui",1449328406546
stopped,bundle,org.eclipse.rse.ui,3.1.102.R32x_v201102011435,"org.eclipse.rse.ui",1449328406546
stopped,bundle,org.eclipse.ui.console,3.5.0.v20100526,"org.eclipse.ui.console",1449328406547
stopped,bundle,org.eclipse.mylyn.commons.ui,3.4.0.v20100608-0100-e3x,"org.eclipse.mylyn.commons.ui",1449328406547
stopped,bundle,org.eclipse.ui.editors,3.6.1.r361_v20100825-0800,"org.eclipse.ui.editors",1449328406547
stopped,bundle,org.eclipse.wst.common.snippets,1.2.2.v201101130441,"org.eclipse.wst.common.snippets",1449328406547
stopped,bundle,org.eclipse.ui.workbench.texteditor,3.6.1.r361_v20100714-0800,"org.eclipse.ui.workbench.texteditor",1449328406547
stopped,bundle,org.eclipse.compare.core,3.5.101.R36x_v20100929-0800,"org.eclipse.compare.core",1449328406547
stopped,bundle,org.eclipse.emf.databinding.edit,1.2.0.v20100914-1218,"org.eclipse.emf.databinding.edit",1449328406547
stopped,bundle,org.eclipse.emf.databinding,1.2.0.v20100914-1218,"org.eclipse.emf.databinding",1449328406547
stopped,bundle,org.eclipse.datatools.connectivity.apache.derby.ui,1.0.3.v201007080903,"org.eclipse.datatools.connectivity.apache.derby.ui",1449328406547
stopped,bundle,org.eclipse.datatools.enablement.hsqldb.ui,1.0.0.v200906020900,"org.eclipse.datatools.enablement.hsqldb.ui",1449328406547
stopped,bundle,org.eclipse.datatools.enablement.sqlite.ui,1.0.0.v200906020900,"org.eclipse.datatools.enablement.sqlite.ui",1449328406547
stopped,bundle,org.eclipse.datatools.enablement.sybase.ui,1.0.0.v200906090458,"org.eclipse.datatools.enablement.sybase.ui",1449328406547
stopped,bundle,org.eclipse.datatools.connectivity.sqm.server.ui,1.1.100.v201009280455,"org.eclipse.datatools.connectivity.sqm.server.ui",1449328406547
stopped,bundle,org.eclipse.emf.exporter,2.6.0.v20100521-1846,"org.eclipse.emf.exporter",1449328406547
stopped,bundle,org.eclipse.emf.importer.ecore,2.6.0.v20100521-1846,"org.eclipse.emf.importer.ecore",1449328406547
stopped,bundle,org.eclipse.emf.importer.java,2.6.0.v20100521-1846,"org.eclipse.emf.importer.java",1449328406547
stopped,bundle,org.eclipse.emf.importer.rose,2.6.0.v20100521-1846,"org.eclipse.emf.importer.rose",1449328406547
stopped,bundle,org.eclipse.emf.importer,2.6.0.v20100521-1846,"org.eclipse.emf.importer",1449328406547
stopped,bundle,org.eclipse.emf.converter,2.5.0.v20100914-1218,"org.eclipse.emf.converter",1449328406547
stopped,bundle,org.eclipse.emf.codegen.ecore.ui,2.6.0.v20100914-1218,"org.eclipse.emf.codegen.ecore.ui",1449328406547
stopped,bundle,org.eclipse.emf.mapping.ecore2ecore.editor,2.4.0.v20100521-1847,"org.eclipse.emf.mapping.ecore2ecore.editor",1449328406547
stopped,bundle,org.eclipse.emf.ecore.editor,2.6.0.v20100914-1218,"org.eclipse.emf.ecore.editor",1449328406547
stopped,bundle,org.eclipse.emf.mapping.ecore2xml.ui,2.5.0.v20100521-1847,"org.eclipse.emf.mapping.ecore2xml.ui",1449328406547
stopped,bundle,org.eclipse.emf.mapping.ui,2.6.0.v20100914-1218,"org.eclipse.emf.mapping.ui",1449328406547
stopped,bundle,org.eclipse.jst.jsf.facesconfig,1.2.1.v20100906,"org.eclipse.jst.jsf.facesconfig",1449328406547
stopped,bundle,org.eclipse.emf.edit.ui,2.6.0.v20100914-1218,"org.eclipse.emf.edit.ui",1449328406547
stopped,bundle,org.eclipse.gef,3.6.2.v20110110-2020,"org.eclipse.gef",1449328406547
stopped,bundle,org.eclipse.datatools.enablement.postgresql.ui,1.0.0.v200906020900,"org.eclipse.datatools.enablement.postgresql.ui",1449328406547
stopped,bundle,org.eclipse.datatools.connectivity.db.generic.ui,1.0.1.v201004070709,"org.eclipse.datatools.connectivity.db.generic.ui",1449328406547
stopped,bundle,org.eclipse.datatools.connectivity.oda.flatfile.ui,3.1.1.v201101261130,"org.eclipse.datatools.connectivity.oda.flatfile.ui",1449328406547
stopped,bundle,org.eclipse.datatools.enablement.oda.ws.ui,1.2.2.v201012301630,"org.eclipse.datatools.enablement.oda.ws.ui",1449328406547
stopped,bundle,org.eclipse.datatools.enablement.oda.xml.ui,1.2.1.v201012161115,"org.eclipse.datatools.enablement.oda.xml.ui",1449328406547
stopped,bundle,org.eclipse.datatools.connectivity.oda.design.ui,3.2.4.v201012150951,"org.eclipse.datatools.connectivity.oda.design.ui",1449328406547
stopped,bundle,org.eclipse.datatools.connectivity.sqm.core.ui,1.2.0.v201002281800,"org.eclipse.datatools.connectivity.sqm.core.ui",1449328406547
stopped,bundle,org.eclipse.datatools.enablement.ibm.db2.iseries.ui,1.0.1.v201005211230,"org.eclipse.datatools.enablement.ibm.db2.iseries.ui",1449328406547
stopped,bundle,org.eclipse.datatools.enablement.ibm.db2.luw.ui,1.0.2.v201005211230,"org.eclipse.datatools.enablement.ibm.db2.luw.ui",1449328406547
stopped,bundle,org.eclipse.datatools.enablement.ibm.db2.zseries.ui,1.0.1.v201005211230,"org.eclipse.datatools.enablement.ibm.db2.zseries.ui",1449328406547
stopped,bundle,org.eclipse.datatools.enablement.ibm.informix.ui,1.0.2.v201005211230,"org.eclipse.datatools.enablement.ibm.informix.ui",1449328406547
stopped,bundle,org.eclipse.datatools.enablement.msft.sqlserver.ui,1.0.1.v200908130512,"org.eclipse.datatools.enablement.msft.sqlserver.ui",1449328406547
stopped,bundle,org.eclipse.datatools.enablement.mysql.ui,1.0.0.v200906020900,"org.eclipse.datatools.enablement.mysql.ui",1449328406547
stopped,bundle,org.eclipse.datatools.enablement.oracle.ui,1.0.2.v201005051303,"org.eclipse.datatools.enablement.oracle.ui",1449328406547
stopped,bundle,org.eclipse.datatools.enablement.sap.maxdb.ui,1.0.0.v200906020900,"org.eclipse.datatools.enablement.sap.maxdb.ui",1449328406547
stopped,bundle,org.eclipse.datatools.connectivity.ui,1.2.1.v201010211415,"org.eclipse.datatools.connectivity.ui",1449328406547
stopped,bundle,org.eclipse.datatools.enablement.ibm.ui,1.0.0.v200906020900,"org.eclipse.datatools.enablement.ibm.ui",1449328406548
stopped,bundle,org.eclipse.datatools.sqltools.sql.ui,1.0.0.v200906022302,"org.eclipse.datatools.sqltools.sql.ui",1449328406548
stopped,bundle,org.eclipse.rse.services.dstore,3.1.102.R32x_v201102011435,"org.eclipse.rse.services.dstore",1449328406548
stopped,bundle,org.eclipse.dstore.core,3.2.2.R32x_v201102121806,"org.eclipse.dstore.core",1449328406548
stopped,bundle,org.eclipse.dstore.extra,2.1.101.v200907301400,"org.eclipse.dstore.extra",1449328406548
stopped,bundle,org.eclipse.emf.codegen.ui,2.6.0.v20100914-1218,"org.eclipse.emf.codegen.ui",1449328406548
stopped,bundle,org.eclipse.emf.common.ui,2.6.0.v20100914-1218,"org.eclipse.emf.common.ui",1449328406548
stopped,bundle,org.eclipse.epp.mpc.ui,1.0.1.v20100826-2143,"org.eclipse.epp.mpc.ui",1449328406548
stopped,bundle,org.eclipse.epp.usagedata.ui,1.3.1.R201102081640,"org.eclipse.epp.usagedata.ui",1449328406548
activated,perspective,org.eclipse.jst.j2ee.ui,,"org.eclipse.jst.j2ee.J2EEPerspective",1449328413482
started,bundle,org.eclipse.osgi,3.6.2.R36x_v20110210,"org.eclipse.osgi",1449328413483
started,bundle,org.eclipse.equinox.simpleconfigurator,1.0.200.v20100503,"org.eclipse.equinox.simpleconfigurator",1449328413483
started,bundle,com.ibm.icu,4.2.1.v20100412,"com.ibm.icu",1449328413483
started,bundle,org.eclipse.compare.core,3.5.101.R36x_v20100929-0800,"org.eclipse.compare.core",1449328413483
started,bundle,org.eclipse.core.contenttype,3.4.100.v20100505-1235,"org.eclipse.core.contenttype",1449328413483
started,bundle,org.eclipse.core.databinding.observable,1.3.0.I20100601-0800,"org.eclipse.core.databinding.observable",1449328413483
started,bundle,org.eclipse.core.expressions,3.4.200.v20100505,"org.eclipse.core.expressions",1449328413484
started,bundle,org.eclipse.core.filebuffers,3.5.100.v20100520-0800,"org.eclipse.core.filebuffers",1449328413484
started,bundle,org.eclipse.core.filesystem,1.3.1.R36x_v20100727-0745,"org.eclipse.core.filesystem",1449328413484
started,bundle,org.eclipse.core.jobs,3.5.1.R36x_v20100824,"org.eclipse.core.jobs",1449328413484
started,bundle,org.eclipse.core.net,1.2.100.I20100511-0800,"org.eclipse.core.net",1449328413484
started,bundle,org.eclipse.core.resources,3.6.1.R36x_v20110131-1630,"org.eclipse.core.resources",1449328413484
started,bundle,org.eclipse.core.runtime,3.6.0.v20100505,"org.eclipse.core.runtime",1449328413485
started,bundle,org.eclipse.core.runtime.compatibility,3.2.100.v20100505,"org.eclipse.core.runtime.compatibility",1449328413485
started,bundle,org.eclipse.core.runtime.compatibility.auth,3.2.200.v20100517,"org.eclipse.core.runtime.compatibility.auth",1449328413485
started,bundle,org.eclipse.core.variables,3.2.400.v20100505,"org.eclipse.core.variables",1449328413485
started,bundle,org.eclipse.debug.core,3.6.0.v20100519,"org.eclipse.debug.core",1449328413485
started,bundle,org.eclipse.debug.ui,3.6.3.v20101201_r362,"org.eclipse.debug.ui",1449328413486
started,bundle,org.eclipse.emf.common,2.6.0.v20100914-1218,"org.eclipse.emf.common",1449328413486
started,bundle,org.eclipse.emf.common.ui,2.6.0.v20100914-1218,"org.eclipse.emf.common.ui",1449328413486
started,bundle,org.eclipse.emf.ecore,2.6.1.v20100914-1218,"org.eclipse.emf.ecore",1449328413487
started,bundle,org.eclipse.emf.ecore.xmi,2.5.0.v20100521-1846,"org.eclipse.emf.ecore.xmi",1449328413487
started,bundle,org.eclipse.emf.edit,2.6.0.v20100914-1218,"org.eclipse.emf.edit",1449328413487
started,bundle,org.eclipse.emf.edit.ui,2.6.0.v20100914-1218,"org.eclipse.emf.edit.ui",1449328413487
started,bundle,org.eclipse.epp.usagedata.gathering,1.3.1.R201102081640,"org.eclipse.epp.usagedata.gathering",1449328413487
started,bundle,org.eclipse.epp.usagedata.recording,1.3.1.R201102081640,"org.eclipse.epp.usagedata.recording",1449328413488
started,bundle,org.eclipse.equinox.app,1.3.1.R36x_v20100803,"org.eclipse.equinox.app",1449328413488
started,bundle,org.eclipse.equinox.common,3.6.0.v20100503,"org.eclipse.equinox.common",1449328413488
started,bundle,org.eclipse.equinox.ds,1.2.1.R36x_v20100803,"org.eclipse.equinox.ds",1449328413488
started,bundle,org.eclipse.equinox.event,1.2.0.v20100503,"org.eclipse.equinox.event",1449328413488
started,bundle,org.eclipse.equinox.p2.core,2.0.3.R36x_v20110111,"org.eclipse.equinox.p2.core",1449328413488
started,bundle,org.eclipse.equinox.p2.directorywatcher,1.0.203.R36x_v20101220,"org.eclipse.equinox.p2.directorywatcher",1449328413489
started,bundle,org.eclipse.equinox.p2.engine,2.0.1.R36x_v20110201,"org.eclipse.equinox.p2.engine",1449328413489
started,bundle,org.eclipse.equinox.p2.metadata,2.0.1.R36x_v20101202,"org.eclipse.equinox.p2.metadata",1449328413489
started,bundle,org.eclipse.equinox.p2.metadata.repository,1.1.0.v20100513,"org.eclipse.equinox.p2.metadata.repository",1449328413489
started,bundle,org.eclipse.equinox.p2.operations,2.0.0.v20100510,"org.eclipse.equinox.p2.operations",1449328413489
started,bundle,org.eclipse.equinox.p2.reconciler.dropins,1.1.2.R36x_v20110114,"org.eclipse.equinox.p2.reconciler.dropins",1449328413489
started,bundle,org.eclipse.equinox.p2.repository,2.0.2.R36x_v20110111-1500,"org.eclipse.equinox.p2.repository",1449328413489
started,bundle,org.eclipse.equinox.p2.ui.sdk.scheduler,1.0.0.v20100507-1815,"org.eclipse.equinox.p2.ui.sdk.scheduler",1449328413490
started,bundle,org.eclipse.equinox.p2.updatechecker,1.1.101.R36x_v20100823,"org.eclipse.equinox.p2.updatechecker",1449328413490
started,bundle,org.eclipse.equinox.preferences,3.3.0.v20100503,"org.eclipse.equinox.preferences",1449328413490
started,bundle,org.eclipse.equinox.registry,3.5.0.v20100503,"org.eclipse.equinox.registry",1449328413490
started,bundle,org.eclipse.equinox.security,1.0.200.v20100503,"org.eclipse.equinox.security",1449328413490
started,bundle,org.eclipse.equinox.util,1.0.200.v20100503,"org.eclipse.equinox.util",1449328413490
started,bundle,org.eclipse.help,3.5.0.v20100524,"org.eclipse.help",1449328413490
started,bundle,org.eclipse.jdt.core,3.6.2.v_A76_R36x,"org.eclipse.jdt.core",1449328413491
started,bundle,org.eclipse.jdt.core.manipulation,1.3.0.v20100520-0800,"org.eclipse.jdt.core.manipulation",1449328413491
started,bundle,org.eclipse.jdt.launching,3.5.200.v20110105_r362,"org.eclipse.jdt.launching",1449328413491
started,bundle,org.eclipse.jdt.ui,3.6.2.r362_v20110203,"org.eclipse.jdt.ui",1449328413492
started,bundle,org.eclipse.jem,2.0.400.v201005110200,"org.eclipse.jem",1449328413492
started,bundle,org.eclipse.jem.util,2.1.3.v201012070000,"org.eclipse.jem.util",1449328413492
started,bundle,org.eclipse.jem.workbench,2.0.300.v200910290230,"org.eclipse.jem.workbench",1449328413492
started,bundle,org.eclipse.jface,3.6.2.M20110210-1200,"org.eclipse.jface",1449328413492
started,bundle,org.eclipse.jsch.core,1.1.200.I20100505-1245,"org.eclipse.jsch.core",1449328413493
started,bundle,org.eclipse.jst.common.frameworks,1.1.403.v201012160000,"org.eclipse.jst.common.frameworks",1449328413494
started,bundle,org.eclipse.jst.common.project.facet.core,1.4.102.v201008182136,"org.eclipse.jst.common.project.facet.core",1449328413494
started,bundle,org.eclipse.jst.j2ee,1.1.404.v201102081800,"org.eclipse.jst.j2ee",1449328413494
started,bundle,org.eclipse.jst.j2ee.core,1.2.4.v201102101900,"org.eclipse.jst.j2ee.core",1449328413494
started,bundle,org.eclipse.jst.j2ee.navigator.ui,1.1.403.v201012020600,"org.eclipse.jst.j2ee.navigator.ui",1449328413494
started,bundle,org.eclipse.jst.j2ee.ui,1.1.404.v201101122300,"org.eclipse.jst.j2ee.ui",1449328413494
started,bundle,org.eclipse.jst.j2ee.web,1.1.404.v201102030400,"org.eclipse.jst.j2ee.web",1449328413495
started,bundle,org.eclipse.jst.j2ee.webservice,1.1.400.v201004110600,"org.eclipse.jst.j2ee.webservice",1449328413495
started,bundle,org.eclipse.jst.j2ee.webservice.ui,1.1.400.v201004110600,"org.eclipse.jst.j2ee.webservice.ui",1449328413495
started,bundle,org.eclipse.jst.jee,1.0.302.v201101122300,"org.eclipse.jst.jee",1449328413495
started,bundle,org.eclipse.jst.jee.ui,1.0.304.v201101272100,"org.eclipse.jst.jee.ui",1449328413496
started,bundle,org.eclipse.jst.server.core,1.2.101.v20100421,"org.eclipse.jst.server.core",1449328413496
started,bundle,org.eclipse.jst.server.tomcat.core,1.1.203.v20110201,"org.eclipse.jst.server.tomcat.core",1449328413496
started,bundle,org.eclipse.jst.ws.jaxrs.core,1.0.201.v201011231540,"org.eclipse.jst.ws.jaxrs.core",1449328413496
started,bundle,org.eclipse.jst.ws.jaxws.utils,1.0.0.v201004171919,"org.eclipse.jst.ws.jaxws.utils",1449328413496
started,bundle,org.eclipse.mylyn.bugzilla.core,3.4.2.v20100902-0100-e3x,"org.eclipse.mylyn.bugzilla.core",1449328413497
started,bundle,org.eclipse.mylyn.bugzilla.ui,3.4.3.v20110131-0100-e3x,"org.eclipse.mylyn.bugzilla.ui",1449328413497
started,bundle,org.eclipse.mylyn.commons.net,3.4.1.v20100625-2100-e3x,"org.eclipse.mylyn.commons.net",1449328413497
started,bundle,org.eclipse.mylyn.commons.ui,3.4.0.v20100608-0100-e3x,"org.eclipse.mylyn.commons.ui",1449328413497
started,bundle,org.eclipse.mylyn.context.core,3.4.1.v20100909-0100-e3x,"org.eclipse.mylyn.context.core",1449328413498
started,bundle,org.eclipse.mylyn.context.ui,3.4.2.v20110131-0100-e3x,"org.eclipse.mylyn.context.ui",1449328413498
started,bundle,org.eclipse.mylyn.monitor.ui,3.4.1.v20110131-0100-e3x,"org.eclipse.mylyn.monitor.ui",1449328413498
started,bundle,org.eclipse.mylyn.tasks.ui,3.4.3.v20110131-0100-e3x,"org.eclipse.mylyn.tasks.ui",1449328413498
started,bundle,org.eclipse.mylyn.team.ui,3.4.3.v20110131-0100-e3x,"org.eclipse.mylyn.team.ui",1449328413498
started,bundle,org.eclipse.team.core,3.5.101.R36x_v20110203-1036,"org.eclipse.team.core",1449328413498
started,bundle,org.eclipse.team.cvs.core,3.3.301.R36x_v20110119-0815,"org.eclipse.team.cvs.core",1449328413499
started,bundle,org.eclipse.team.cvs.ui,3.3.302.R36x_v20110203-1036,"org.eclipse.team.cvs.ui",1449328413499
started,bundle,org.eclipse.team.ui,3.5.102.R36x_v20110203-1036,"org.eclipse.team.ui",1449328413499
started,bundle,org.eclipse.ui,3.6.2.M20110203-1100,"org.eclipse.ui",1449328413500
started,bundle,org.eclipse.ui.browser,3.3.1.r36_20101216,"org.eclipse.ui.browser",1449328413500
started,bundle,org.eclipse.ui.console,3.5.0.v20100526,"org.eclipse.ui.console",1449328413500
started,bundle,org.eclipse.ui.editors,3.6.1.r361_v20100825-0800,"org.eclipse.ui.editors",1449328413500
started,bundle,org.eclipse.ui.externaltools,3.2.0.v20100427,"org.eclipse.ui.externaltools",1449328413500
started,bundle,org.eclipse.ui.forms,3.5.2.r36_v20100702,"org.eclipse.ui.forms",1449328413501
started,bundle,org.eclipse.ui.ide,3.6.2.M20101201-0800,"org.eclipse.ui.ide",1449328413501
started,bundle,org.eclipse.ui.navigator,3.5.0.I20100601-0800,"org.eclipse.ui.navigator",1449328413501
started,bundle,org.eclipse.ui.navigator.resources,3.4.202.M20101124-0800,"org.eclipse.ui.navigator.resources",1449328413501
started,bundle,org.eclipse.ui.net,1.2.100.I20100505-1245,"org.eclipse.ui.net",1449328413502
started,bundle,org.eclipse.ui.presentations.r21,3.2.200.I20100517-1500,"org.eclipse.ui.presentations.r21",1449328413502
started,bundle,org.eclipse.ui.views,3.5.1.M20110202-0800,"org.eclipse.ui.views",1449328413502
started,bundle,org.eclipse.ui.workbench,3.6.2.M20110210-1200,"org.eclipse.ui.workbench",1449328413502
started,bundle,org.eclipse.ui.workbench.texteditor,3.6.1.r361_v20100714-0800,"org.eclipse.ui.workbench.texteditor",1449328413502
started,bundle,org.eclipse.update.configurator,3.3.100.v20100512,"org.eclipse.update.configurator",1449328413503
started,bundle,org.eclipse.update.core,3.2.402.R36x_v20100629,"org.eclipse.update.core",1449328413503
started,bundle,org.eclipse.update.scheduler,3.2.300.v20100512,"org.eclipse.update.scheduler",1449328413503
